,indice_tiempo,ventas_precios_corrientes,ventas_precios_constantes,ventas_totales_canal_venta,salon_ventas,canales_on_line,ventas_totales_medio_pago,efectivo,tarjetas_debito,tarjetas_credito,otros_medios,ventas_totales_grupo_articulos,subtotal_ventas_alimentos_bebidas,bebidas,almacen,panaderia,lacteos,carnes,verduleria_fruteria,alimentos_preparados_rotiseria,articulos_limpieza_perfumeria,indumentaria_calzado_textiles_hogar,electronicos_articulos_hogar,otros
60,2022-01-01,154517.1,25463.4,154517094.1819681,149697614.62836808,4819479.553599999,154517094.1819681,46962602.2164548,46053650.12931095,54048333.11802423,7452508.718179998,154517094.1819681,103783610.342116,20364496.479049,37505172.62385601,4860317.679927002,16104766.205035,17408486.728430998,6138441.197065001,1401929.4287529995,21330213.293162003,3782646.219391001,12187552.347016,13433071.980283003
